,mean_fit_time,std_fit_time,mean_score_time,std_score_time,param_criterion,param_max_depth,param_min_samples_leaf,param_min_samples_split,split0_test_score,split1_test_score,split2_test_score,split3_test_score,split4_test_score,mean_test_score,std_test_score,rank_test_score
0,0.000997304916381836,1.5078914929239175e-07,0.0,0.0,gini,3,1,2,0.9666666666666667,0.9666666666666667,0.9333333333333333,0.9333333333333333,1.0,0.96,0.024944382578492935,28
1,0.000997304916381836,1.5078914929239175e-07,0.0,0.0,gini,3,1,3,0.9666666666666667,0.9666666666666667,0.9333333333333333,1.0,1.0,0.9733333333333334,0.02494438257849294,1
2,0.0001994609832763672,0.00039892196655273444,0.00079803466796875,0.00039901753342625314,gini,3,1,4,0.9666666666666667,0.9666666666666667,0.9333333333333333,1.0,1.0,0.9733333333333334,0.02494438257849294,1
3,0.0009977340698242188,7.294205923451594e-07,0.0,0.0,gini,3,1,5,0.9666666666666667,0.9666666666666667,0.9333333333333333,1.0,1.0,0.9733333333333334,0.02494438257849294,1
4,0.0007969379425048828,0.0003984695811002519,0.00019974708557128905,0.0003994941711425781,gini,3,1,6,0.9666666666666667,0.9666666666666667,0.9333333333333333,1.0,1.0,0.9733333333333334,0.02494438257849294,1
5,0.0005984783172607421,0.0004886556006187716,0.0003989219665527344,0.0004885776558898482,gini,3,2,2,0.9666666666666667,0.9666666666666667,0.9333333333333333,0.9333333333333333,1.0,0.96,0.024944382578492935,28
6,0.000708770751953125,0.000394134032970588,0.0,0.0,gini,3,2,3,0.9666666666666667,0.9666666666666667,0.9333333333333333,0.9333333333333333,1.0,0.96,0.024944382578492935,28
7,0.0009977340698242188,8.844011779304222e-07,0.0,0.0,gini,3,2,4,0.9666666666666667,0.9666666666666667,0.9333333333333333,0.8666666666666667,1.0,0.9466666666666667,0.04521553322083511,148
8,0.0007977485656738281,0.00039887441109554326,0.0001994609832763672,0.0003989219665527344,gini,3,2,5,0.9666666666666667,0.9666666666666667,0.9333333333333333,0.9333333333333333,1.0,0.96,0.024944382578492935,28
9,0.0,0.0,0.0009974002838134765,1.0293499538861706e-06,gini,3,2,6,0.9666666666666667,0.9666666666666667,0.9333333333333333,0.9333333333333333,1.0,0.96,0.024944382578492935,28
10,0.00039887428283691406,0.0004885192380524391,0.0,0.0,gini,3,3,2,0.9666666666666667,0.9666666666666667,0.9333333333333333,0.9333333333333333,1.0,0.96,0.024944382578492935,28
11,0.0007978439331054688,0.0003989221660422917,0.00020508766174316407,0.00041017532348632815,gini,3,3,3,0.9666666666666667,0.9666666666666667,0.9333333333333333,0.8666666666666667,1.0,0.9466666666666667,0.04521553322083511,148
12,0.0003945350646972656,0.00048320482059979584,0.0005972862243652343,0.0004877009100192585,gini,3,3,4,0.9666666666666667,0.9666666666666667,0.9333333333333333,0.8666666666666667,1.0,0.9466666666666667,0.04521553322083511,148
13,0.0,0.0,0.0009973526000976562,2.3360154559928684e-07,gini,3,3,5,0.9666666666666667,0.9666666666666667,0.9333333333333333,0.9333333333333333,1.0,0.96,0.024944382578492935,28
14,0.0,0.0,0.0001994609832763672,0.00039892196655273444,gini,3,3,6,0.9666666666666667,0.9666666666666667,0.9333333333333333,0.8666666666666667,1.0,0.9466666666666667,0.04521553322083511,148
15,0.000797891616821289,0.00039894584759375934,0.0,0.0,gini,3,4,2,0.9666666666666667,0.9666666666666667,0.9333333333333333,0.8666666666666667,1.0,0.9466666666666667,0.04521553322083511,148
16,0.000797891616821289,0.00039894584759375934,0.0001995086669921875,0.000399017333984375,gini,3,4,3,0.9666666666666667,0.9666666666666667,0.9333333333333333,0.9333333333333333,1.0,0.96,0.024944382578492935,28
17,0.0,0.0,0.0007977962493896484,0.0003988981353824061,gini,3,4,4,0.9666666666666667,0.9666666666666667,0.9333333333333333,0.9333333333333333,1.0,0.96,0.024944382578492935,28
18,0.0005983829498291016,0.0004885776558898482,0.0,0.0,gini,3,4,5,0.9666666666666667,0.9666666666666667,0.9333333333333333,0.9333333333333333,1.0,0.96,0.024944382578492935,28
19,0.0009972572326660157,1.784161275279017e-07,0.0,0.0,gini,3,4,6,0.9666666666666667,0.9666666666666667,0.9333333333333333,0.8666666666666667,1.0,0.9466666666666667,0.04521553322083511,148
20,0.0001995563507080078,0.0003991127014160156,0.0007978439331054688,0.0003989221660422917,gini,4,1,2,0.9666666666666667,0.9666666666666667,0.9,1.0,1.0,0.9666666666666668,0.036514837167011066,5
21,0.0,0.0,0.00039887428283691406,0.0004885192380524391,gini,4,1,3,0.9666666666666667,0.9666666666666667,0.9,0.9333333333333333,1.0,0.9533333333333334,0.03399346342395189,99
22,0.0007992267608642578,0.0003998899354933895,0.0,0.0,gini,4,1,4,0.9666666666666667,0.9666666666666667,0.9,1.0,1.0,0.9666666666666668,0.036514837167011066,5
23,0.001002359390258789,7.667150060426184e-06,0.0,0.0,gini,4,1,5,0.9666666666666667,0.9666666666666667,0.9333333333333333,0.9666666666666667,1.0,0.9666666666666668,0.02108185106778919,5
24,0.0,0.0,0.0009967327117919923,3.2606737131650467e-06,gini,4,1,6,0.9666666666666667,0.9666666666666667,0.9333333333333333,0.9666666666666667,1.0,0.9666666666666668,0.02108185106778919,5
25,0.0001995563507080078,0.0003991127014160156,0.0,0.0,gini,4,2,2,0.9666666666666667,0.9666666666666667,0.9333333333333333,0.9333333333333333,1.0,0.96,0.024944382578492935,28
26,0.000997447967529297,1.7732060253208817e-05,0.0,0.0,gini,4,2,3,0.9666666666666667,0.9666666666666667,0.9333333333333333,0.9333333333333333,1.0,0.96,0.024944382578492935,28
27,0.0,0.0,0.0008463382720947266,0.0004311993732746011,gini,4,2,4,0.9666666666666667,0.9666666666666667,0.9,0.9333333333333333,1.0,0.9533333333333334,0.03399346342395189,99
28,0.00039887428283691406,0.0004885192380524391,0.0,0.0,gini,4,2,5,0.9666666666666667,0.9666666666666667,0.9333333333333333,0.9,1.0,0.9533333333333334,0.03399346342395189,99
29,0.0007977962493896484,0.0003989516267048438,0.0001994609832763672,0.0003989219665527344,gini,4,2,6,0.9666666666666667,0.9666666666666667,0.9333333333333333,0.9,1.0,0.9533333333333334,0.03399346342395189,99
30,0.0,0.0,0.0007979869842529297,0.00039899581077068374,gini,4,3,2,0.9666666666666667,0.9666666666666667,0.9333333333333333,0.9333333333333333,1.0,0.96,0.024944382578492935,28
31,0.0004045009613037109,0.0004955743052580992,0.0,0.0,gini,4,3,3,0.9666666666666667,0.9666666666666667,0.9333333333333333,0.8666666666666667,1.0,0.9466666666666667,0.04521553322083511,148
32,0.000997447967529297,5.657306652055317e-06,0.0,0.0,gini,4,3,4,0.9666666666666667,0.9666666666666667,0.9333333333333333,0.8666666666666667,1.0,0.9466666666666667,0.04521553322083511,148
33,0.0,0.0,0.0007982254028320312,0.0003991236679502911,gini,4,3,5,0.9666666666666667,0.9666666666666667,0.9333333333333333,0.9333333333333333,1.0,0.96,0.024944382578492935,28
34,0.0002559661865234375,0.00038736657133808263,0.0,0.0,gini,4,3,6,0.9666666666666667,0.9666666666666667,0.9333333333333333,0.9333333333333333,1.0,0.96,0.024944382578492935,28
35,0.0009920120239257813,1.0604026473641791e-05,0.0,0.0,gini,4,4,2,0.9666666666666667,0.9666666666666667,0.9333333333333333,0.9333333333333333,1.0,0.96,0.024944382578492935,28
36,0.00019941329956054687,0.0003988265991210938,0.000797891616821289,0.00039894584759375934,gini,4,4,3,0.9666666666666667,0.9666666666666667,0.9333333333333333,0.9333333333333333,1.0,0.96,0.024944382578492935,28
37,0.0,0.0,0.0003989219665527344,0.0004885776558898482,gini,4,4,4,0.9666666666666667,0.9666666666666667,0.9333333333333333,0.8666666666666667,1.0,0.9466666666666667,0.04521553322083511,148
38,0.0003989696502685547,0.000488636038823848,0.0,0.0,gini,4,4,5,0.9666666666666667,0.9666666666666667,0.9333333333333333,0.9333333333333333,1.0,0.96,0.024944382578492935,28
39,0.000997304916381836,2.132480599880018e-07,0.0,0.0,gini,4,4,6,0.9666666666666667,0.9666666666666667,0.9333333333333333,0.9333333333333333,1.0,0.96,0.024944382578492935,28
40,0.0001994609832763672,0.00039892196655273444,0.000797891616821289,0.00039894584759375934,gini,5,1,2,0.9666666666666667,0.9666666666666667,0.9,0.9666666666666667,1.0,0.9600000000000002,0.03265986323710903,23
41,0.0,0.0,0.0003989219665527344,0.0004885776326209085,gini,5,1,3,0.9666666666666667,0.9666666666666667,0.9,1.0,1.0,0.9666666666666668,0.036514837167011066,5
42,0.0001994609832763672,0.00039892196655273444,0.0007975578308105468,0.00039877915772947606,gini,5,1,4,0.9666666666666667,0.9666666666666667,0.9,0.9333333333333333,1.0,0.9533333333333334,0.03399346342395189,99
43,0.0,0.0,0.0003989219665527344,0.0004885776558898482,gini,5,1,5,0.9666666666666667,0.9666666666666667,0.9333333333333333,0.9666666666666667,1.0,0.9666666666666668,0.02108185106778919,5
44,0.000797891616821289,0.00039894584759375934,0.0,0.0,gini,5,1,6,0.9666666666666667,0.9666666666666667,0.9333333333333333,0.9666666666666667,1.0,0.9666666666666668,0.02108185106778919,5
45,0.0009974002838134765,2.7519990562986096e-05,0.0,0.0,gini,5,2,2,0.9666666666666667,0.9666666666666667,0.9333333333333333,0.9,1.0,0.9533333333333334,0.03399346342395189,99
46,0.0,0.0,0.001002931594848633,1.1631894914812878e-05,gini,5,2,3,0.9666666666666667,0.9666666666666667,0.9333333333333333,0.9333333333333333,1.0,0.96,0.024944382578492935,28
47,0.0,0.0,0.00020017623901367188,0.00040035247802734376,gini,5,2,4,0.9666666666666667,0.9666666666666667,0.9,0.9,1.0,0.9466666666666667,0.039999999999999994,148
48,0.0003995418548583984,0.0004893369828493258,0.0005068778991699219,0.0004447491897129589,gini,5,2,5,0.9666666666666667,0.9666666666666667,0.9333333333333333,0.9,1.0,0.9533333333333334,0.03399346342395189,99
49,0.00019936561584472657,0.00039873123168945315,0.0,0.0,gini,5,2,6,0.9666666666666667,0.9666666666666667,0.9333333333333333,0.9,1.0,0.9533333333333334,0.03399346342395189,99
50,0.0009972572326660157,2.3360154559928684e-07,0.0,0.0,gini,5,3,2,0.9666666666666667,0.9666666666666667,0.9333333333333333,0.9333333333333333,1.0,0.96,0.024944382578492935,28
51,0.0001995563507080078,0.0003991127014160156,0.0007978439331054688,0.0003989219950512487,gini,5,3,3,0.9666666666666667,0.9666666666666667,0.9333333333333333,0.8666666666666667,1.0,0.9466666666666667,0.04521553322083511,148
52,0.0,0.0,0.0005984306335449219,0.000488616573967537,gini,5,3,4,0.9666666666666667,0.9666666666666667,0.9333333333333333,0.9333333333333333,1.0,0.96,0.024944382578492935,28
53,0.0005984306335449219,0.000488616573967537,0.0,0.0,gini,5,3,5,0.9666666666666667,0.9666666666666667,0.9333333333333333,0.8666666666666667,1.0,0.9466666666666667,0.04521553322083511,148
54,0.0007978439331054688,0.00039892205204827114,0.00019941329956054687,0.00039882659912109374,gini,5,3,6,0.9666666666666667,0.9666666666666667,0.9333333333333333,0.8666666666666667,1.0,0.9466666666666667,0.04521553322083511,148
55,0.0,0.0,0.0009973526000976562,9.536743164062499e-08,gini,5,4,2,0.9666666666666667,0.9666666666666667,0.9333333333333333,0.8666666666666667,1.0,0.9466666666666667,0.04521553322083511,148
56,0.0001995563507080078,0.0003991127014160156,0.0,0.0,gini,5,4,3,0.9666666666666667,0.9666666666666667,0.9333333333333333,0.9333333333333333,1.0,0.96,0.024944382578492935,28
57,0.0009972572326660157,2.78041453115716e-07,0.0,0.0,gini,5,4,4,0.9666666666666667,0.9666666666666667,0.9333333333333333,0.8666666666666667,1.0,0.9466666666666667,0.04521553322083511,148
58,0.0001994609832763672,0.00039892196655273444,0.0007978439331054688,0.0003989219950512487,gini,5,4,5,0.9666666666666667,0.9666666666666667,0.9333333333333333,0.9333333333333333,1.0,0.96,0.024944382578492935,28
59,0.0,0.0,0.0003989696502685547,0.0004886360388238481,gini,5,4,6,0.9666666666666667,0.9666666666666667,0.9333333333333333,0.8666666666666667,1.0,0.9466666666666667,0.04521553322083511,148
60,0.0007978439331054688,0.00039892196655273444,0.0,0.0,gini,6,1,2,0.9666666666666667,0.9666666666666667,0.9,1.0,1.0,0.9666666666666668,0.036514837167011066,5
61,0.0007978439331054688,0.00039892199505124864,0.0001994609832763672,0.0003989219665527344,gini,6,1,3,0.9666666666666667,0.9666666666666667,0.9,1.0,1.0,0.9666666666666668,0.036514837167011066,5
62,0.0,0.0,0.0010030269622802734,1.1087873840919889e-05,gini,6,1,4,0.9666666666666667,0.9666666666666667,0.9,0.9666666666666667,1.0,0.9600000000000002,0.03265986323710903,23
63,0.0003990650177001953,0.0004887591664372135,0.0,0.0,gini,6,1,5,0.9666666666666667,0.9666666666666667,0.9333333333333333,0.9666666666666667,1.0,0.9666666666666668,0.02108185106778919,5
64,0.0007977962493896484,0.0003989058018673454,0.00019936561584472657,0.00039873123168945315,gini,6,1,6,0.9666666666666667,0.9666666666666667,0.9333333333333333,0.9666666666666667,1.0,0.9666666666666668,0.02108185106778919,5
65,0.0,0.0,0.0009979248046875,3.044298114683603e-06,gini,6,2,2,0.9666666666666667,0.9666666666666667,0.9,0.9333333333333333,1.0,0.9533333333333334,0.03399346342395189,99
66,0.00019960403442382814,0.00039920806884765627,0.0,0.0,gini,6,2,3,0.9666666666666667,0.9666666666666667,0.9333333333333333,0.9333333333333333,1.0,0.96,0.024944382578492935,28
67,0.0009973526000976562,1.7344947533099026e-05,0.0,0.0,gini,6,2,4,0.9666666666666667,0.9666666666666667,0.9,0.9,1.0,0.9466666666666667,0.039999999999999994,148
68,0.0,0.0,0.0009972572326660157,3.4923235747529134e-06,gini,6,2,5,0.9666666666666667,0.9666666666666667,0.9333333333333333,0.9,1.0,0.9533333333333334,0.03399346342395189,99
69,0.00019941329956054687,0.00039882659912109374,0.0,0.0,gini,6,2,6,0.9666666666666667,0.9666666666666667,0.9333333333333333,0.9,1.0,0.9533333333333334,0.03399346342395189,99
70,0.0009979724884033204,1.3180041276059392e-06,0.0,0.0,gini,6,3,2,0.9666666666666667,0.9666666666666667,0.9333333333333333,0.8666666666666667,1.0,0.9466666666666667,0.04521553322083511,148
71,0.0,0.0,0.0007972240447998047,0.0003986572072827021,gini,6,3,3,0.9666666666666667,0.9666666666666667,0.9333333333333333,0.9333333333333333,1.0,0.96,0.024944382578492935,28
72,0.000399017333984375,0.0004886945264472148,0.0,0.0,gini,6,3,4,0.9666666666666667,0.9666666666666667,0.9333333333333333,0.8666666666666667,1.0,0.9466666666666667,0.04521553322083511,148
73,0.0009916305541992187,1.1084182053223233e-05,0.0,0.0,gini,6,3,5,0.9666666666666667,0.9666666666666667,0.9333333333333333,0.8666666666666667,1.0,0.9466666666666667,0.04521553322083511,148
74,0.0,0.0,0.0008038043975830078,0.00040203816292205883,gini,6,3,6,0.9666666666666667,0.9666666666666667,0.9333333333333333,0.8666666666666667,1.0,0.9466666666666667,0.04521553322083511,148
75,0.0005984783172607421,0.0004886555540883141,0.0,0.0,gini,6,4,2,0.9666666666666667,0.9666666666666667,0.9333333333333333,0.9333333333333333,1.0,0.96,0.024944382578492935,28
76,0.00079803466796875,0.00039942435831369783,0.00019936561584472657,0.00039873123168945315,gini,6,4,3,0.9666666666666667,0.9666666666666667,0.9333333333333333,0.9333333333333333,1.0,0.96,0.024944382578492935,28
77,0.0,0.0,0.0005990505218505859,0.0004891263365376737,gini,6,4,4,0.9666666666666667,0.9666666666666667,0.9333333333333333,0.8666666666666667,1.0,0.9466666666666667,0.04521553322083511,148
78,0.0005918025970458984,0.0004832936058712066,0.0,0.0,gini,6,4,5,0.9666666666666667,0.9666666666666667,0.9333333333333333,0.8666666666666667,1.0,0.9466666666666667,0.04521553322083511,148
79,0.000997304916381836,1.5078914929239175e-07,0.0,0.0,gini,6,4,6,0.9666666666666667,0.9666666666666667,0.9333333333333333,0.9333333333333333,1.0,0.96,0.024944382578492935,28
80,0.0,0.0,0.000997304916381836,1.5078914929239175e-07,gini,7,1,2,0.9666666666666667,0.9666666666666667,0.9,0.9666666666666667,1.0,0.9600000000000002,0.03265986323710903,23
81,0.0,0.0,0.0001995086669921875,0.000399017333984375,gini,7,1,3,0.9666666666666667,0.9666666666666667,0.9,1.0,1.0,0.9666666666666668,0.036514837167011066,5
82,0.000997638702392578,6.843900725558913e-07,0.0,0.0,gini,7,1,4,0.9666666666666667,0.9666666666666667,0.9,1.0,1.0,0.9666666666666668,0.036514837167011066,5
83,0.0007978439331054688,0.0003989219950512487,0.0001995563507080078,0.0003991127014160156,gini,7,1,5,0.9666666666666667,0.9666666666666667,0.9333333333333333,0.9666666666666667,1.0,0.9666666666666668,0.02108185106778919,5
84,0.0,0.0,0.0007978439331054688,0.00039892199505124864,gini,7,1,6,0.9666666666666667,0.9666666666666667,0.9333333333333333,0.9666666666666667,1.0,0.9666666666666668,0.02108185106778919,5
85,0.00019936561584472657,0.00039873123168945315,0.0,0.0,gini,7,2,2,0.9666666666666667,0.9666666666666667,0.9333333333333333,0.9,1.0,0.9533333333333334,0.03399346342395189,99
86,0.000997304916381836,1.5078914929239175e-07,0.0,0.0,gini,7,2,3,0.9666666666666667,0.9666666666666667,0.9,0.9,1.0,0.9466666666666667,0.039999999999999994,148
87,0.0001995086669921875,0.000399017333984375,0.0007978439331054688,0.0003989219950512487,gini,7,2,4,0.9666666666666667,0.9666666666666667,0.9333333333333333,0.9,1.0,0.9533333333333334,0.03399346342395189,99
88,0.0,0.0,0.0001994609832763672,0.00039892196655273444,gini,7,2,5,0.9666666666666667,0.9666666666666667,0.9333333333333333,0.9,1.0,0.9533333333333334,0.03399346342395189,99
89,0.0005983829498291016,0.0004885776558898482,0.0,0.0,gini,7,2,6,0.9666666666666667,0.9666666666666667,0.9333333333333333,0.9,1.0,0.9533333333333334,0.03399346342395189,99
90,0.000797891616821289,0.0003989458760905677,0.0001995086669921875,0.000399017333984375,gini,7,3,2,0.9666666666666667,0.9666666666666667,0.9333333333333333,0.9333333333333333,1.0,0.96,0.024944382578492935,28
91,0.0,0.0,0.0009976863861083985,7.776978697919889e-07,gini,7,3,3,0.9666666666666667,0.9666666666666667,0.9333333333333333,0.9333333333333333,1.0,0.96,0.024944382578492935,28
92,0.0001995086669921875,0.000399017333984375,0.0,0.0,gini,7,3,4,0.9666666666666667,0.9666666666666667,0.9333333333333333,0.8666666666666667,1.0,0.9466666666666667,0.04521553322083511,148
93,0.000997304916381836,2.132480599880018e-07,0.0,0.0,gini,7,3,5,0.9666666666666667,0.9666666666666667,0.9333333333333333,0.9333333333333333,1.0,0.96,0.024944382578492935,28
94,0.0001994609832763672,0.00039892196655273444,0.000797891616821289,0.000398945904587374,gini,7,3,6,0.9666666666666667,0.9666666666666667,0.9333333333333333,0.9333333333333333,1.0,0.96,0.024944382578492935,28
95,0.0,0.0,0.0003989219665527344,0.0004885776326209085,gini,7,4,2,0.9666666666666667,0.9666666666666667,0.9333333333333333,0.8666666666666667,1.0,0.9466666666666667,0.04521553322083511,148
96,0.0007978439331054688,0.0003989219950512487,0.0,0.0,gini,7,4,3,0.9666666666666667,0.9666666666666667,0.9333333333333333,0.8666666666666667,1.0,0.9466666666666667,0.04521553322083511,148
97,0.0007978439331054688,0.00039892199505124864,0.0001995563507080078,0.0003991127014160156,gini,7,4,4,0.9666666666666667,0.9666666666666667,0.9333333333333333,0.9333333333333333,1.0,0.96,0.024944382578492935,28
98,0.0,0.0,0.0009972572326660157,1.784161275279017e-07,gini,7,4,5,0.9666666666666667,0.9666666666666667,0.9333333333333333,0.8666666666666667,1.0,0.9466666666666667,0.04521553322083511,148
99,0.0,0.0,0.000399017333984375,0.0004886944566570864,gini,7,4,6,0.9666666666666667,0.9666666666666667,0.9333333333333333,0.9333333333333333,1.0,0.96,0.024944382578492935,28
100,0.0007979393005371094,0.00039896966451610907,0.0,0.0,gini,8,1,2,0.9666666666666667,0.9666666666666667,0.9,0.9666666666666667,1.0,0.9600000000000002,0.03265986323710903,23
101,0.000797891616821289,0.0003989458760905677,0.00019941329956054687,0.00039882659912109374,gini,8,1,3,0.9666666666666667,0.9666666666666667,0.9,0.9333333333333333,1.0,0.9533333333333334,0.03399346342395189,99
102,0.0,0.0,0.000997304916381836,1.5078914929239175e-07,gini,8,1,4,0.9666666666666667,0.9666666666666667,0.9,1.0,1.0,0.9666666666666668,0.036514837167011066,5
103,0.0001994609832763672,0.0003989219665527344,0.0,0.0,gini,8,1,5,0.9666666666666667,0.9666666666666667,0.9333333333333333,0.9666666666666667,1.0,0.9666666666666668,0.02108185106778919,5
104,0.000997304916381836,2.611744678045111e-07,0.0,0.0,gini,8,1,6,0.9666666666666667,0.9666666666666667,0.9333333333333333,0.9666666666666667,1.0,0.9666666666666668,0.02108185106778919,5
105,0.000797891616821289,0.00039894581909694896,0.0001995086669921875,0.000399017333984375,gini,8,2,2,0.9666666666666667,0.9666666666666667,0.9333333333333333,0.9,1.0,0.9533333333333334,0.03399346342395189,99
106,0.0,0.0,0.000997304916381836,1.5078914929239175e-07,gini,8,2,3,0.9666666666666667,0.9666666666666667,0.9333333333333333,0.9333333333333333,1.0,0.96,0.024944382578492935,28
107,0.0,0.0,0.0,0.0,gini,8,2,4,0.9666666666666667,0.9666666666666667,0.9,0.9333333333333333,1.0,0.9533333333333334,0.03399346342395189,99
108,0.000997304916381836,0.0,0.0,0.0,gini,8,2,5,0.9666666666666667,0.9666666666666667,0.9333333333333333,0.9,1.0,0.9533333333333334,0.03399346342395189,99
109,0.0003989696502685547,0.0004886360388238481,0.0005984306335449219,0.0004886165972346223,gini,8,2,6,0.9666666666666667,0.9666666666666667,0.9333333333333333,0.9,1.0,0.9533333333333334,0.03399346342395189,99
110,0.0,0.0,0.00039887428283691406,0.0004885192380524391,gini,8,3,2,0.9666666666666667,0.9666666666666667,0.9333333333333333,0.8666666666666667,1.0,0.9466666666666667,0.04521553322083511,148
111,0.000797891616821289,0.00039894587609056776,0.0,0.0,gini,8,3,3,0.9666666666666667,0.9666666666666667,0.9333333333333333,0.8666666666666667,1.0,0.9466666666666667,0.04521553322083511,148
112,0.000797891616821289,0.00039894584759375934,0.0001994609832763672,0.0003989219665527344,gini,8,3,4,0.9666666666666667,0.9666666666666667,0.9333333333333333,0.9333333333333333,1.0,0.96,0.024944382578492935,28
113,0.0,0.0,0.000997304916381836,2.611744678045111e-07,gini,8,3,5,0.9666666666666667,0.9666666666666667,0.9333333333333333,0.9333333333333333,1.0,0.96,0.024944382578492935,28
114,0.00019941329956054687,0.00039882659912109374,0.0,0.0,gini,8,3,6,0.9666666666666667,0.9666666666666667,0.9333333333333333,0.8666666666666667,1.0,0.9466666666666667,0.04521553322083511,148
115,0.0009973526000976562,2.78041453115716e-07,0.0,0.0,gini,8,4,2,0.9666666666666667,0.9666666666666667,0.9333333333333333,0.9333333333333333,1.0,0.96,0.024944382578492935,28
116,0.000399017333984375,0.0004886944333937081,0.000598287582397461,0.0004884997731965918,gini,8,4,3,0.9666666666666667,0.9666666666666667,0.9333333333333333,0.9333333333333333,1.0,0.96,0.024944382578492935,28
117,0.0,0.0,0.0003989696502685547,0.0004886360853561638,gini,8,4,4,0.9666666666666667,0.9666666666666667,0.9333333333333333,0.9333333333333333,1.0,0.96,0.024944382578492935,28
118,0.0003989696502685547,0.0004886360853561638,0.0,0.0,gini,8,4,5,0.9666666666666667,0.9666666666666667,0.9333333333333333,0.8666666666666667,1.0,0.9466666666666667,0.04521553322083511,148
119,0.0009973526000976562,2.3360154559928684e-07,0.0,0.0,gini,8,4,6,0.9666666666666667,0.9666666666666667,0.9333333333333333,0.8666666666666667,1.0,0.9466666666666667,0.04521553322083511,148
120,0.0,0.0,0.000997304916381836,1.5078914929239175e-07,entropy,3,1,2,0.9666666666666667,0.9666666666666667,0.9333333333333333,0.9333333333333333,1.0,0.96,0.024944382578492935,28
121,0.0,0.0,0.0009970664978027344,5.642013342952362e-07,entropy,3,1,3,0.9666666666666667,0.9666666666666667,0.9333333333333333,0.9333333333333333,1.0,0.96,0.024944382578492935,28
122,0.0,0.0,0.000797891616821289,0.00039894584759375934,entropy,3,1,4,0.9666666666666667,0.9666666666666667,0.9333333333333333,0.9333333333333333,1.0,0.96,0.024944382578492935,28
123,0.0,0.0,0.0,0.0,entropy,3,1,5,0.9666666666666667,0.9666666666666667,0.9333333333333333,0.9333333333333333,1.0,0.96,0.024944382578492935,28
124,0.0007979869842529297,0.00039899350281149214,0.00019960403442382814,0.00039920806884765627,entropy,3,1,6,0.9666666666666667,0.9666666666666667,0.9333333333333333,0.9333333333333333,1.0,0.96,0.024944382578492935,28
125,0.0,0.0,0.0009972572326660157,5.091227651611e-07,entropy,3,2,2,0.9666666666666667,0.9666666666666667,0.9333333333333333,0.8666666666666667,1.0,0.9466666666666667,0.04521553322083511,148
126,0.0,0.0,0.000997161865234375,2.431401974483864e-07,entropy,3,2,3,0.9666666666666667,0.9666666666666667,0.9333333333333333,0.8666666666666667,1.0,0.9466666666666667,0.04521553322083511,148
127,0.0,0.0,0.0,0.0,entropy,3,2,4,0.9666666666666667,0.9666666666666667,0.9333333333333333,0.8666666666666667,1.0,0.9466666666666667,0.04521553322083511,148
128,0.0003989696502685547,0.000488636038823848,0.0,0.0,entropy,3,2,5,0.9666666666666667,0.9666666666666667,0.9333333333333333,0.8666666666666667,1.0,0.9466666666666667,0.04521553322083511,148
129,0.0009972572326660157,1.784161275279017e-07,0.0,0.0,entropy,3,2,6,0.9666666666666667,0.9666666666666667,0.9333333333333333,0.8666666666666667,1.0,0.9466666666666667,0.04521553322083511,148
130,0.000399017333984375,0.0004886944566570864,0.0005984306335449219,0.0004886166205017064,entropy,3,3,2,0.9666666666666667,0.9666666666666667,0.9333333333333333,0.8666666666666667,1.0,0.9466666666666667,0.04521553322083511,148
131,0.0,0.0,0.0005983829498291016,0.0004885776558898482,entropy,3,3,3,0.9666666666666667,0.9666666666666667,0.9333333333333333,0.8666666666666667,1.0,0.9466666666666667,0.04521553322083511,148
132,0.0003989219665527344,0.0004885776326209085,0.0,0.0,entropy,3,3,4,0.9666666666666667,0.9666666666666667,0.9333333333333333,0.8666666666666667,1.0,0.9466666666666667,0.04521553322083511,148
133,0.0009973526000976562,2.3360154559928684e-07,0.0,0.0,entropy,3,3,5,0.9666666666666667,0.9666666666666667,0.9333333333333333,0.8666666666666667,1.0,0.9466666666666667,0.04521553322083511,148
134,0.0007978439331054688,0.00039892199505124864,0.0001994609832763672,0.0003989219665527344,entropy,3,3,6,0.9666666666666667,0.9666666666666667,0.9333333333333333,0.8666666666666667,1.0,0.9466666666666667,0.04521553322083511,148
135,0.0,0.0,0.0009973526000976562,9.536743164062499e-08,entropy,3,4,2,0.9666666666666667,0.9666666666666667,0.9333333333333333,0.8666666666666667,1.0,0.9466666666666667,0.04521553322083511,148
136,0.0,0.0,0.0001994609832763672,0.00039892196655273444,entropy,3,4,3,0.9666666666666667,0.9666666666666667,0.9333333333333333,0.8666666666666667,1.0,0.9466666666666667,0.04521553322083511,148
137,0.0005984306335449219,0.000488616573967537,0.0,0.0,entropy,3,4,4,0.9666666666666667,0.9666666666666667,0.9333333333333333,0.8666666666666667,1.0,0.9466666666666667,0.04521553322083511,148
138,0.0007979393005371094,0.00039896977849652576,0.0,0.0,entropy,3,4,5,0.9666666666666667,0.9666666666666667,0.9333333333333333,0.8666666666666667,1.0,0.9466666666666667,0.04521553322083511,148
139,0.000997304916381836,1.5078914929239175e-07,0.0,0.0,entropy,3,4,6,0.9666666666666667,0.9666666666666667,0.9333333333333333,0.8666666666666667,1.0,0.9466666666666667,0.04521553322083511,148
140,0.0001994609832763672,0.00039892196655273444,0.0007978439331054688,0.0003989219950512487,entropy,4,1,2,0.9666666666666667,0.9666666666666667,0.9,0.9333333333333333,1.0,0.9533333333333334,0.03399346342395189,99
141,0.0,0.0,0.0009973526000976562,1.784161275279017e-07,entropy,4,1,3,0.9666666666666667,0.9666666666666667,0.9,0.9333333333333333,1.0,0.9533333333333334,0.03399346342395189,99
142,0.0,0.0,0.0001994609832763672,0.00039892196655273444,entropy,4,1,4,0.9666666666666667,0.9666666666666667,0.9,0.9333333333333333,1.0,0.9533333333333334,0.03399346342395189,99
143,0.0005983352661132812,0.0004885387533284933,0.0,0.0,entropy,4,1,5,0.9666666666666667,0.9666666666666667,0.9333333333333333,0.9333333333333333,1.0,0.96,0.024944382578492935,28
144,0.0009973526000976562,2.3360154559928684e-07,0.0,0.0,entropy,4,1,6,0.9666666666666667,0.9666666666666667,0.9333333333333333,0.9333333333333333,1.0,0.96,0.024944382578492935,28
145,0.000997304916381836,2.611744678045111e-07,0.0,0.0,entropy,4,2,2,0.9666666666666667,0.9666666666666667,0.9333333333333333,0.8666666666666667,1.0,0.9466666666666667,0.04521553322083511,148
146,0.0,0.0,0.0009974002838134765,2.86102294921875e-07,entropy,4,2,3,0.9666666666666667,0.9666666666666667,0.9333333333333333,0.8666666666666667,1.0,0.9466666666666667,0.04521553322083511,148
147,0.0,0.0,0.0009972572326660157,4.1019083342755444e-07,entropy,4,2,4,0.9666666666666667,0.9666666666666667,0.9,0.8666666666666667,1.0,0.9400000000000001,0.04898979485566354,349
148,0.0,0.0,0.0,0.0,entropy,4,2,5,0.9666666666666667,0.9666666666666667,0.9333333333333333,0.8666666666666667,1.0,0.9466666666666667,0.04521553322083511,148
149,0.0007978439331054688,0.0003989220805467794,0.0,0.0,entropy,4,2,6,0.9666666666666667,0.9666666666666667,0.9333333333333333,0.8666666666666667,1.0,0.9466666666666667,0.04521553322083511,148
150,0.0009971141815185546,5.091227651611e-07,0.0,0.0,entropy,4,3,2,0.9666666666666667,0.9666666666666667,0.9333333333333333,0.8666666666666667,1.0,0.9466666666666667,0.04521553322083511,148
151,0.0009972572326660157,9.536743164062499e-08,0.0,0.0,entropy,4,3,3,0.9666666666666667,0.9666666666666667,0.9333333333333333,0.8666666666666667,1.0,0.9466666666666667,0.04521553322083511,148
152,0.0,0.0,0.0009973526000976562,2.78041453115716e-07,entropy,4,3,4,0.9666666666666667,0.9666666666666667,0.9333333333333333,0.8666666666666667,1.0,0.9466666666666667,0.04521553322083511,148
153,0.0,0.0,0.0007978439331054688,0.00039892199505124864,entropy,4,3,5,0.9666666666666667,0.9666666666666667,0.9333333333333333,0.8666666666666667,1.0,0.9466666666666667,0.04521553322083511,148
154,0.0,0.0,0.0,0.0,entropy,4,3,6,0.9666666666666667,0.9666666666666667,0.9333333333333333,0.8666666666666667,1.0,0.9466666666666667,0.04521553322083511,148
155,0.0007979393005371094,0.0003989696930112163,0.0,0.0,entropy,4,4,2,0.9666666666666667,0.9666666666666667,0.9333333333333333,0.8666666666666667,1.0,0.9466666666666667,0.04521553322083511,148
156,0.0009972095489501954,2.431401974483864e-07,0.0,0.0,entropy,4,4,3,0.9666666666666667,0.9666666666666667,0.9333333333333333,0.8666666666666667,1.0,0.9466666666666667,0.04521553322083511,148
157,0.000399017333984375,0.0004886944566570865,0.0005983829498291016,0.0004885776558898482,entropy,4,4,4,0.9666666666666667,0.9666666666666667,0.9333333333333333,0.8666666666666667,1.0,0.9466666666666667,0.04521553322083511,148
158,0.0,0.0,0.000997304916381836,1.5078914929239175e-07,entropy,4,4,5,0.9666666666666667,0.9666666666666667,0.9333333333333333,0.8666666666666667,1.0,0.9466666666666667,0.04521553322083511,148
159,0.0,0.0,0.0001995086669921875,0.000399017333984375,entropy,4,4,6,0.9666666666666667,0.9666666666666667,0.9333333333333333,0.8666666666666667,1.0,0.9466666666666667,0.04521553322083511,148
160,0.0003989219665527344,0.0004885776326209085,0.0,0.0,entropy,5,1,2,0.9666666666666667,0.9666666666666667,0.9,0.9333333333333333,1.0,0.9533333333333334,0.03399346342395189,99
161,0.0009973526000976562,9.536743164062499e-08,0.0,0.0,entropy,5,1,3,0.9666666666666667,0.9666666666666667,0.9,0.9333333333333333,1.0,0.9533333333333334,0.03399346342395189,99
162,0.0009973526000976562,2.78041453115716e-07,0.0,0.0,entropy,5,1,4,0.9666666666666667,0.9666666666666667,0.9,0.9333333333333333,1.0,0.9533333333333334,0.03399346342395189,99
163,0.0001994609832763672,0.00039892196655273444,0.0007978439331054688,0.0003989219950512487,entropy,5,1,5,0.9666666666666667,0.9666666666666667,0.9333333333333333,0.9333333333333333,1.0,0.96,0.024944382578492935,28
164,0.0,0.0,0.0009972572326660157,9.536743164062499e-08,entropy,5,1,6,0.9666666666666667,0.9666666666666667,0.9333333333333333,0.9333333333333333,1.0,0.96,0.024944382578492935,28
165,0.0,0.0,0.0001995563507080078,0.0003991127014160156,entropy,5,2,2,0.9666666666666667,0.9666666666666667,0.9,0.8666666666666667,1.0,0.9400000000000001,0.04898979485566354,349
166,0.0005983352661132812,0.0004885387067869067,0.0,0.0,entropy,5,2,3,0.9666666666666667,0.9666666666666667,0.9,0.8666666666666667,1.0,0.9400000000000001,0.04898979485566354,349
167,0.0009974002838134765,2.4314019744838644e-07,0.0,0.0,entropy,5,2,4,0.9666666666666667,0.9666666666666667,0.9333333333333333,0.8666666666666667,1.0,0.9466666666666667,0.04521553322083511,148
168,0.0007978439331054688,0.00039892202354976095,0.00019941329956054687,0.00039882659912109374,entropy,5,2,5,0.9666666666666667,0.9666666666666667,0.9333333333333333,0.8666666666666667,1.0,0.9466666666666667,0.04521553322083511,148
169,0.0,0.0,0.0009973526000976562,9.536743164062499e-08,entropy,5,2,6,0.9666666666666667,0.9666666666666667,0.9333333333333333,0.8666666666666667,1.0,0.9466666666666667,0.04521553322083511,148
170,0.0,0.0,0.0005983829498291016,0.0004885776558898482,entropy,5,3,2,0.9666666666666667,0.9666666666666667,0.9333333333333333,0.8666666666666667,1.0,0.9466666666666667,0.04521553322083511,148
171,0.0003989696502685547,0.000488636038823848,0.0,0.0,entropy,5,3,3,0.9666666666666667,0.9666666666666667,0.9333333333333333,0.8666666666666667,1.0,0.9466666666666667,0.04521553322083511,148
172,0.000997304916381836,1.5078914929239175e-07,0.0001994609832763672,0.0003989219665527344,entropy,5,3,4,0.9666666666666667,0.9666666666666667,0.9333333333333333,0.8666666666666667,1.0,0.9466666666666667,0.04521553322083511,148
173,0.0,0.0,0.0009974002838134765,1.9073486328125e-07,entropy,5,3,5,0.9666666666666667,0.9666666666666667,0.9333333333333333,0.8666666666666667,1.0,0.9466666666666667,0.04521553322083511,148
174,0.0,0.0,0.0003989696502685547,0.0004886360853561638,entropy,5,3,6,0.9666666666666667,0.9666666666666667,0.9333333333333333,0.8666666666666667,1.0,0.9466666666666667,0.04521553322083511,148
175,0.0005983352661132812,0.0004885387300577005,0.0,0.0,entropy,5,4,2,0.9666666666666667,0.9666666666666667,0.9333333333333333,0.8666666666666667,1.0,0.9466666666666667,0.04521553322083511,148
176,0.0009973526000976562,1.784161275279017e-07,0.0,0.0,entropy,5,4,3,0.9666666666666667,0.9666666666666667,0.9333333333333333,0.8666666666666667,1.0,0.9466666666666667,0.04521553322083511,148
177,0.0003989219665527344,0.0004885776326209085,0.0005984306335449219,0.000488616573967537,entropy,5,4,4,0.9666666666666667,0.9666666666666667,0.9333333333333333,0.8666666666666667,1.0,0.9466666666666667,0.04521553322083511,148
178,0.0,0.0,0.0007978439331054688,0.00039892196655273433,entropy,5,4,5,0.9666666666666667,0.9666666666666667,0.9333333333333333,0.8666666666666667,1.0,0.9466666666666667,0.04521553322083511,148
179,0.0003989219665527344,0.0004885776326209085,0.0,0.0,entropy,5,4,6,0.9666666666666667,0.9666666666666667,0.9333333333333333,0.8666666666666667,1.0,0.9466666666666667,0.04521553322083511,148
180,0.0009973526000976562,1.784161275279017e-07,0.0,0.0,entropy,6,1,2,0.9666666666666667,0.9666666666666667,0.9,0.9333333333333333,1.0,0.9533333333333334,0.03399346342395189,99
181,0.000997304916381836,1.5078914929239175e-07,0.0,0.0,entropy,6,1,3,0.9666666666666667,0.9666666666666667,0.9,0.9333333333333333,1.0,0.9533333333333334,0.03399346342395189,99
182,0.0003989219665527344,0.0004885776326209085,0.0005983829498291016,0.0004885776558898482,entropy,6,1,4,0.9666666666666667,0.9666666666666667,0.9,0.9333333333333333,1.0,0.9533333333333334,0.03399346342395189,99
183,0.0,0.0,0.0009973526000976562,9.536743164062499e-08,entropy,6,1,5,0.9666666666666667,0.9666666666666667,0.9333333333333333,0.9333333333333333,1.0,0.96,0.024944382578492935,28
184,0.0,0.0,0.0001994609832763672,0.00039892196655273444,entropy,6,1,6,0.9666666666666667,0.9666666666666667,0.9333333333333333,0.9333333333333333,1.0,0.96,0.024944382578492935,28
185,0.0005983352661132812,0.0004885387067869067,0.0,0.0,entropy,6,2,2,0.9666666666666667,0.9666666666666667,0.9,0.8666666666666667,1.0,0.9400000000000001,0.04898979485566354,349
186,0.0009974002838134765,3.2340669551493016e-07,0.0,0.0,entropy,6,2,3,0.9666666666666667,0.9666666666666667,0.9,0.8666666666666667,1.0,0.9400000000000001,0.04898979485566354,349
187,0.0005983829498291016,0.0004885776558898482,0.00039887428283691406,0.0004885192380524391,entropy,6,2,4,0.9666666666666667,0.9666666666666667,0.9,0.8666666666666667,1.0,0.9400000000000001,0.04898979485566354,349
188,0.0,0.0,0.000997447967529297,2.86102294921875e-07,entropy,6,2,5,0.9666666666666667,0.9666666666666667,0.9333333333333333,0.8666666666666667,1.0,0.9466666666666667,0.04521553322083511,148
189,0.0,0.0,0.0007977962493896484,0.0003988981353824061,entropy,6,2,6,0.9666666666666667,0.9666666666666667,0.9333333333333333,0.8666666666666667,1.0,0.9466666666666667,0.04521553322083511,148
190,0.0,0.0,0.0,0.0,entropy,6,3,2,0.9666666666666667,0.9666666666666667,0.9333333333333333,0.8666666666666667,1.0,0.9466666666666667,0.04521553322083511,148
191,0.0009973526000976562,3.814697265625e-07,0.0,0.0,entropy,6,3,3,0.9666666666666667,0.9666666666666667,0.9333333333333333,0.8666666666666667,1.0,0.9466666666666667,0.04521553322083511,148
192,0.0009973526000976562,1.784161275279017e-07,0.0,0.0,entropy,6,3,4,0.9666666666666667,0.9666666666666667,0.9333333333333333,0.8666666666666667,1.0,0.9466666666666667,0.04521553322083511,148
193,0.0001994609832763672,0.00039892196655273444,0.0007978439331054688,0.0003989219950512487,entropy,6,3,5,0.9666666666666667,0.9666666666666667,0.9333333333333333,0.8666666666666667,1.0,0.9466666666666667,0.04521553322083511,148
194,0.0,0.0,0.0007978439331054688,0.00039892199505124864,entropy,6,3,6,0.9666666666666667,0.9666666666666667,0.9333333333333333,0.8666666666666667,1.0,0.9466666666666667,0.04521553322083511,148
195,0.0001994609832763672,0.0003989219665527344,0.0,0.0,entropy,6,4,2,0.9666666666666667,0.9666666666666667,0.9333333333333333,0.8666666666666667,1.0,0.9466666666666667,0.04521553322083511,148
196,0.0009974002838134765,3.568322550558034e-07,0.0,0.0,entropy,6,4,3,0.9666666666666667,0.9666666666666667,0.9333333333333333,0.8666666666666667,1.0,0.9466666666666667,0.04521553322083511,148
197,0.0007978439331054688,0.00039892196655273433,0.0001994609832763672,0.0003989219665527344,entropy,6,4,4,0.9666666666666667,0.9666666666666667,0.9333333333333333,0.8666666666666667,1.0,0.9466666666666667,0.04521553322083511,148
198,0.0,0.0,0.0009972572326660157,9.536743164062499e-08,entropy,6,4,5,0.9666666666666667,0.9666666666666667,0.9333333333333333,0.8666666666666667,1.0,0.9466666666666667,0.04521553322083511,148
199,0.0,0.0,0.000399017333984375,0.0004886944333937081,entropy,6,4,6,0.9666666666666667,0.9666666666666667,0.9333333333333333,0.8666666666666667,1.0,0.9466666666666667,0.04521553322083511,148
200,0.0003989696502685547,0.0004886360853561638,0.0,0.0,entropy,7,1,2,0.9666666666666667,0.9666666666666667,0.9,0.9333333333333333,1.0,0.9533333333333334,0.03399346342395189,99
201,0.000997304916381836,2.611744678045111e-07,0.0,0.0,entropy,7,1,3,0.9666666666666667,0.9666666666666667,0.9,0.9333333333333333,1.0,0.9533333333333334,0.03399346342395189,99
202,0.000997447967529297,1.1680077279964343e-07,0.0,0.0,entropy,7,1,4,0.9666666666666667,0.9666666666666667,0.9,0.9333333333333333,1.0,0.9533333333333334,0.03399346342395189,99
203,0.0005983352661132812,0.0004885387300577005,0.00039887428283691406,0.0004885192380524391,entropy,7,1,5,0.9666666666666667,0.9666666666666667,0.9333333333333333,0.9333333333333333,1.0,0.96,0.024944382578492935,28
204,0.0,0.0,0.0009974002838134765,2.431401974483864e-07,entropy,7,1,6,0.9666666666666667,0.9666666666666667,0.9333333333333333,0.9333333333333333,1.0,0.96,0.024944382578492935,28
205,0.0,0.0,0.0001995086669921875,0.000399017333984375,entropy,7,2,2,0.9666666666666667,0.9666666666666667,0.9333333333333333,0.8666666666666667,1.0,0.9466666666666667,0.04521553322083511,148
206,0.0003989696502685547,0.000488636038823848,0.0,0.0,entropy,7,2,3,0.9666666666666667,0.9666666666666667,0.9,0.8666666666666667,1.0,0.9400000000000001,0.04898979485566354,349
207,0.0009973526000976562,2.3360154559928684e-07,0.0,0.0,entropy,7,2,4,0.9666666666666667,0.9666666666666667,0.9333333333333333,0.8666666666666667,1.0,0.9466666666666667,0.04521553322083511,148
208,0.000797891616821289,0.00039894584759375934,0.00019941329956054687,0.00039882659912109374,entropy,7,2,5,0.9666666666666667,0.9666666666666667,0.9333333333333333,0.8666666666666667,1.0,0.9466666666666667,0.04521553322083511,148
209,0.0,0.0,0.0009973526000976562,1.784161275279017e-07,entropy,7,2,6,0.9666666666666667,0.9666666666666667,0.9333333333333333,0.8666666666666667,1.0,0.9466666666666667,0.04521553322083511,148
210,0.0,0.0,0.0005983352661132812,0.0004885387067869067,entropy,7,3,2,0.9666666666666667,0.9666666666666667,0.9333333333333333,0.8666666666666667,1.0,0.9466666666666667,0.04521553322083511,148
211,0.0,0.0,0.000797891616821289,0.00039894584759375934,entropy,7,3,3,0.9666666666666667,0.9666666666666667,0.9333333333333333,0.8666666666666667,1.0,0.9466666666666667,0.04521553322083511,148
212,0.0,0.0,0.0,0.0,entropy,7,3,4,0.9666666666666667,0.9666666666666667,0.9333333333333333,0.8666666666666667,1.0,0.9466666666666667,0.04521553322083511,148
213,0.0009973526000976562,1.784161275279017e-07,0.0,0.0,entropy,7,3,5,0.9666666666666667,0.9666666666666667,0.9333333333333333,0.8666666666666667,1.0,0.9466666666666667,0.04521553322083511,148
214,0.000997304916381836,1.5078914929239175e-07,0.0,0.0,entropy,7,3,6,0.9666666666666667,0.9666666666666667,0.9333333333333333,0.8666666666666667,1.0,0.9466666666666667,0.04521553322083511,148
215,0.0001995563507080078,0.0003991127014160156,0.0007978439331054688,0.00039892205204827114,entropy,7,4,2,0.9666666666666667,0.9666666666666667,0.9333333333333333,0.8666666666666667,1.0,0.9466666666666667,0.04521553322083511,148
216,0.0,0.0,0.0007978439331054688,0.00039892199505124864,entropy,7,4,3,0.9666666666666667,0.9666666666666667,0.9333333333333333,0.8666666666666667,1.0,0.9466666666666667,0.04521553322083511,148
217,0.0001994609832763672,0.0003989219665527344,0.0,0.0,entropy,7,4,4,0.9666666666666667,0.9666666666666667,0.9333333333333333,0.8666666666666667,1.0,0.9466666666666667,0.04521553322083511,148
218,0.000997304916381836,1.5078914929239175e-07,0.0,0.0,entropy,7,4,5,0.9666666666666667,0.9666666666666667,0.9333333333333333,0.8666666666666667,1.0,0.9466666666666667,0.04521553322083511,148
219,0.0009973526000976562,9.536743164062499e-08,0.0,0.0,entropy,7,4,6,0.9666666666666667,0.9666666666666667,0.9333333333333333,0.8666666666666667,1.0,0.9466666666666667,0.04521553322083511,148
220,0.0,0.0,0.0009973526000976562,3.504023183989303e-07,entropy,8,1,2,0.9666666666666667,0.9666666666666667,0.9,0.9333333333333333,1.0,0.9533333333333334,0.03399346342395189,99
221,0.0,0.0,0.000997304916381836,1.5078914929239175e-07,entropy,8,1,3,0.9666666666666667,0.9666666666666667,0.9,0.9333333333333333,1.0,0.9533333333333334,0.03399346342395189,99
222,0.0,0.0,0.0009973526000976562,8.44957597096889e-07,entropy,8,1,4,0.9666666666666667,0.9666666666666667,0.9,0.9333333333333333,1.0,0.9533333333333334,0.03399346342395189,99
223,0.0,0.0,0.000997304916381836,1.5078914929239175e-07,entropy,8,1,5,0.9666666666666667,0.9666666666666667,0.9333333333333333,0.9333333333333333,1.0,0.96,0.024944382578492935,28
224,0.0,0.0,0.0003990650177001953,0.0004887528861164533,entropy,8,1,6,0.9666666666666667,0.9666666666666667,0.9333333333333333,0.9333333333333333,1.0,0.96,0.024944382578492935,28
225,0.0003989696502685547,0.000488636038823848,0.0,0.0,entropy,8,2,2,0.9666666666666667,0.9666666666666667,0.9333333333333333,0.8666666666666667,1.0,0.9466666666666667,0.04521553322083511,148
226,0.000997304916381836,2.132480599880018e-07,0.0,0.0,entropy,8,2,3,0.9666666666666667,0.9666666666666667,0.9333333333333333,0.8666666666666667,1.0,0.9466666666666667,0.04521553322083511,148
227,0.000997304916381836,1.5078914929239175e-07,0.0,0.0,entropy,8,2,4,0.9666666666666667,0.9666666666666667,0.9333333333333333,0.8666666666666667,1.0,0.9466666666666667,0.04521553322083511,148
228,0.0001995086669921875,0.000399017333984375,0.000797891616821289,0.00039894587609056776,entropy,8,2,5,0.9666666666666667,0.9666666666666667,0.9333333333333333,0.8666666666666667,1.0,0.9466666666666667,0.04521553322083511,148
229,0.0007979393005371094,0.00039897051936844025,0.0001994609832763672,0.00039892196655273444,entropy,8,2,6,0.9666666666666667,0.9666666666666667,0.9333333333333333,0.8666666666666667,1.0,0.9466666666666667,0.04521553322083511,148
230,0.0009974002838134765,4.156969970265077e-07,0.0,0.0,entropy,8,3,2,0.9666666666666667,0.9666666666666667,0.9333333333333333,0.8666666666666667,1.0,0.9466666666666667,0.04521553322083511,148
231,0.0007977962493896484,0.00039889827788347005,0.0,0.0,entropy,8,3,3,0.9666666666666667,0.9666666666666667,0.9333333333333333,0.8666666666666667,1.0,0.9466666666666667,0.04521553322083511,148
232,0.0003986835479736328,0.0004882857762067345,0.00039887428283691406,0.0004885195173130202,entropy,8,3,4,0.9666666666666667,0.9666666666666667,0.9333333333333333,0.8666666666666667,1.0,0.9466666666666667,0.04521553322083511,148
233,0.00079803466796875,0.0003990177613597062,0.00019960403442382814,0.00039920806884765627,entropy,8,3,5,0.9666666666666667,0.9666666666666667,0.9333333333333333,0.8666666666666667,1.0,0.9466666666666667,0.04521553322083511,148
234,0.0009974002838134765,1.4032305688440477e-06,0.0,0.0,entropy,8,3,6,0.9666666666666667,0.9666666666666667,0.9333333333333333,0.8666666666666667,1.0,0.9466666666666667,0.04521553322083511,148
235,0.0003990650177001953,0.0004887528395952576,0.0005986213684082032,0.0004887740760607048,entropy,8,4,2,0.9666666666666667,0.9666666666666667,0.9333333333333333,0.8666666666666667,1.0,0.9466666666666667,0.04521553322083511,148
236,0.0007976531982421875,0.0003988276538169047,0.0001995563507080078,0.0003991127014160156,entropy,8,4,3,0.9666666666666667,0.9666666666666667,0.9333333333333333,0.8666666666666667,1.0,0.9466666666666667,0.04521553322083511,148
237,0.00039925575256347654,0.0004889864876370502,0.00039873123168945315,0.0004883442405959042,entropy,8,4,4,0.9666666666666667,0.9666666666666667,0.9333333333333333,0.8666666666666667,1.0,0.9466666666666667,0.04521553322083511,148
238,0.0,0.0,0.0,0.0,entropy,8,4,5,0.9666666666666667,0.9666666666666667,0.9333333333333333,0.8666666666666667,1.0,0.9466666666666667,0.04521553322083511,148
239,0.0007981300354003906,0.00039906543078032525,0.0,0.0,entropy,8,4,6,0.9666666666666667,0.9666666666666667,0.9333333333333333,0.8666666666666667,1.0,0.9466666666666667,0.04521553322083511,148
240,0.0007976531982421875,0.00039882662762642264,0.0,0.0,log_loss,3,1,2,0.9666666666666667,0.9666666666666667,0.9333333333333333,0.9333333333333333,1.0,0.96,0.024944382578492935,28
241,0.000997781753540039,7.231593555499601e-07,0.0,0.0,log_loss,3,1,3,0.9666666666666667,0.9666666666666667,0.9333333333333333,0.9333333333333333,1.0,0.96,0.024944382578492935,28
242,0.0009972095489501954,2.431401974483864e-07,0.0,0.0,log_loss,3,1,4,0.9666666666666667,0.9666666666666667,0.9333333333333333,0.9333333333333333,1.0,0.96,0.024944382578492935,28
243,0.0009974002838134765,5.352483825837052e-07,0.0,0.0,log_loss,3,1,5,0.9666666666666667,0.9666666666666667,0.9333333333333333,0.9333333333333333,1.0,0.96,0.024944382578492935,28
244,0.0007977485656738281,0.00039887435409171316,0.0001994609832763672,0.0003989219665527344,log_loss,3,1,6,0.9666666666666667,0.9666666666666667,0.9333333333333333,0.9333333333333333,1.0,0.96,0.024944382578492935,28
245,0.0,0.0,0.0009973526000976562,1.784161275279017e-07,log_loss,3,2,2,0.9666666666666667,0.9666666666666667,0.9333333333333333,0.8666666666666667,1.0,0.9466666666666667,0.04521553322083511,148
246,0.0,0.0,0.0,0.0,log_loss,3,2,3,0.9666666666666667,0.9666666666666667,0.9333333333333333,0.8666666666666667,1.0,0.9466666666666667,0.04521553322083511,148
247,0.00039887428283691406,0.0004885192380524391,0.0,0.0,log_loss,3,2,4,0.9666666666666667,0.9666666666666667,0.9333333333333333,0.8666666666666667,1.0,0.9466666666666667,0.04521553322083511,148
248,0.000997304916381836,3.015782985847835e-07,0.0,0.0,log_loss,3,2,5,0.9666666666666667,0.9666666666666667,0.9333333333333333,0.8666666666666667,1.0,0.9466666666666667,0.04521553322083511,148
249,0.0003989219665527344,0.0004885776326209085,0.0005984783172607421,0.0004886555075578522,log_loss,3,2,6,0.9666666666666667,0.9666666666666667,0.9333333333333333,0.8666666666666667,1.0,0.9466666666666667,0.04521553322083511,148
250,0.0,0.0,0.0009972572326660157,9.536743164062499e-08,log_loss,3,3,2,0.9666666666666667,0.9666666666666667,0.9333333333333333,0.8666666666666667,1.0,0.9466666666666667,0.04521553322083511,148
251,0.0,0.0,0.0,0.0,log_loss,3,3,3,0.9666666666666667,0.9666666666666667,0.9333333333333333,0.8666666666666667,1.0,0.9466666666666667,0.04521553322083511,148
252,0.0007978439331054688,0.0003989219950512487,0.0,0.0,log_loss,3,3,4,0.9666666666666667,0.9666666666666667,0.9333333333333333,0.8666666666666667,1.0,0.9466666666666667,0.04521553322083511,148
253,0.0009974002838134765,2.431401974483864e-07,0.0,0.0,log_loss,3,3,5,0.9666666666666667,0.9666666666666667,0.9333333333333333,0.8666666666666667,1.0,0.9466666666666667,0.04521553322083511,148
254,0.00019941329956054687,0.0003988265991210938,0.000797891616821289,0.00039894581909694896,log_loss,3,3,6,0.9666666666666667,0.9666666666666667,0.9333333333333333,0.8666666666666667,1.0,0.9466666666666667,0.04521553322083511,148
255,0.0,0.0,0.0005983829498291016,0.0004885776558898482,log_loss,3,4,2,0.9666666666666667,0.9666666666666667,0.9333333333333333,0.8666666666666667,1.0,0.9466666666666667,0.04521553322083511,148
256,0.0,0.0,0.0,0.0,log_loss,3,4,3,0.9666666666666667,0.9666666666666667,0.9333333333333333,0.8666666666666667,1.0,0.9466666666666667,0.04521553322083511,148
257,0.0007977962493896484,0.0003988981353824061,0.0,0.0,log_loss,3,4,4,0.9666666666666667,0.9666666666666667,0.9333333333333333,0.8666666666666667,1.0,0.9466666666666667,0.04521553322083511,148
258,0.0009973526000976562,2.3360154559928684e-07,0.0,0.0,log_loss,3,4,5,0.9666666666666667,0.9666666666666667,0.9333333333333333,0.8666666666666667,1.0,0.9466666666666667,0.04521553322083511,148
259,0.0,0.0,0.0009973526000976562,2.3360154559928684e-07,log_loss,3,4,6,0.9666666666666667,0.9666666666666667,0.9333333333333333,0.8666666666666667,1.0,0.9466666666666667,0.04521553322083511,148
260,0.0,0.0,0.000997304916381836,3.693564745147149e-07,log_loss,4,1,2,0.9666666666666667,0.9666666666666667,0.9,0.9333333333333333,1.0,0.9533333333333334,0.03399346342395189,99
261,0.0,0.0,0.00019941329956054687,0.0003988265991210938,log_loss,4,1,3,0.9666666666666667,0.9666666666666667,0.9,0.9333333333333333,1.0,0.9533333333333334,0.03399346342395189,99
262,0.0003989696502685547,0.000488636038823848,0.0,0.0,log_loss,4,1,4,0.9666666666666667,0.9666666666666667,0.9,0.9333333333333333,1.0,0.9533333333333334,0.03399346342395189,99
263,0.0009972572326660157,1.784161275279017e-07,0.0,0.0,log_loss,4,1,5,0.9666666666666667,0.9666666666666667,0.9333333333333333,0.9333333333333333,1.0,0.96,0.024944382578492935,28
264,0.000997447967529297,3.2340669551493016e-07,0.0,0.0,log_loss,4,1,6,0.9666666666666667,0.9666666666666667,0.9333333333333333,0.9333333333333333,1.0,0.96,0.024944382578492935,28
265,0.00039882659912109374,0.0004884608318481088,0.0005984306335449219,0.000488616573967537,log_loss,4,2,2,0.9666666666666667,0.9666666666666667,0.9,0.8666666666666667,1.0,0.9400000000000001,0.04898979485566354,349
266,0.0,0.0,0.0009974002838134765,2.431401974483864e-07,log_loss,4,2,3,0.9666666666666667,0.9666666666666667,0.9,0.8666666666666667,1.0,0.9400000000000001,0.04898979485566354,349
267,0.0,0.0,0.00019941329956054687,0.0003988265991210938,log_loss,4,2,4,0.9666666666666667,0.9666666666666667,0.9333333333333333,0.8666666666666667,1.0,0.9466666666666667,0.04521553322083511,148
268,0.0005983829498291016,0.0004885776558898482,0.0,0.0,log_loss,4,2,5,0.9666666666666667,0.9666666666666667,0.9333333333333333,0.8666666666666667,1.0,0.9466666666666667,0.04521553322083511,148
269,0.000997304916381836,1.5078914929239175e-07,0.0,0.0,log_loss,4,2,6,0.9666666666666667,0.9666666666666667,0.9333333333333333,0.8666666666666667,1.0,0.9466666666666667,0.04521553322083511,148
270,0.0009973526000976562,1.784161275279017e-07,0.0,0.0,log_loss,4,3,2,0.9666666666666667,0.9666666666666667,0.9333333333333333,0.8666666666666667,1.0,0.9466666666666667,0.04521553322083511,148
271,0.0001995086669921875,0.000399017333984375,0.0007977962493896484,0.00039889816388262293,log_loss,4,3,3,0.9666666666666667,0.9666666666666667,0.9333333333333333,0.8666666666666667,1.0,0.9466666666666667,0.04521553322083511,148
272,0.0,0.0,0.000797891616821289,0.00039894581909694896,log_loss,4,3,4,0.9666666666666667,0.9666666666666667,0.9333333333333333,0.8666666666666667,1.0,0.9466666666666667,0.04521553322083511,148
273,0.0,0.0,0.0,0.0,log_loss,4,3,5,0.9666666666666667,0.9666666666666667,0.9333333333333333,0.8666666666666667,1.0,0.9466666666666667,0.04521553322083511,148
274,0.000997304916381836,1.5078914929239175e-07,0.0,0.0,log_loss,4,3,6,0.9666666666666667,0.9666666666666667,0.9333333333333333,0.8666666666666667,1.0,0.9466666666666667,0.04521553322083511,148
275,0.0009973526000976562,2.3360154559928684e-07,0.0,0.0,log_loss,4,4,2,0.9666666666666667,0.9666666666666667,0.9333333333333333,0.8666666666666667,1.0,0.9466666666666667,0.04521553322083511,148
276,0.0003989219665527344,0.0004885776326209085,0.0005983829498291016,0.0004885776558898482,log_loss,4,4,3,0.9666666666666667,0.9666666666666667,0.9333333333333333,0.8666666666666667,1.0,0.9466666666666667,0.04521553322083511,148
277,0.0,0.0,0.0009974002838134765,2.431401974483864e-07,log_loss,4,4,4,0.9666666666666667,0.9666666666666667,0.9333333333333333,0.8666666666666667,1.0,0.9466666666666667,0.04521553322083511,148
278,0.0,0.0,0.0,0.0,log_loss,4,4,5,0.9666666666666667,0.9666666666666667,0.9333333333333333,0.8666666666666667,1.0,0.9466666666666667,0.04521553322083511,148
279,0.0007979393005371094,0.00039896966451610907,0.0,0.0,log_loss,4,4,6,0.9666666666666667,0.9666666666666667,0.9333333333333333,0.8666666666666667,1.0,0.9466666666666667,0.04521553322083511,148
280,0.000997304916381836,2.132480599880018e-07,0.0,0.0,log_loss,5,1,2,0.9666666666666667,0.9666666666666667,0.9,0.9333333333333333,1.0,0.9533333333333334,0.03399346342395189,99
281,0.000997304916381836,3.371747880871523e-07,0.0,0.0,log_loss,5,1,3,0.9666666666666667,0.9666666666666667,0.9,0.9333333333333333,1.0,0.9533333333333334,0.03399346342395189,99
282,0.0,0.0,0.0009973526000976562,9.536743164062499e-08,log_loss,5,1,4,0.9666666666666667,0.9666666666666667,0.9,0.9333333333333333,1.0,0.9533333333333334,0.03399346342395189,99
283,0.0,0.0,0.000997304916381836,1.5078914929239175e-07,log_loss,5,1,5,0.9666666666666667,0.9666666666666667,0.9333333333333333,0.9333333333333333,1.0,0.96,0.024944382578492935,28
284,0.0,0.0,0.0,0.0,log_loss,5,1,6,0.9666666666666667,0.9666666666666667,0.9333333333333333,0.9333333333333333,1.0,0.96,0.024944382578492935,28
285,0.000797891616821289,0.00039894584759375934,0.0,0.0,log_loss,5,2,2,0.9666666666666667,0.9666666666666667,0.9333333333333333,0.8666666666666667,1.0,0.9466666666666667,0.04521553322083511,148
286,0.0009972572326660157,1.784161275279017e-07,0.0,0.0,log_loss,5,2,3,0.9666666666666667,0.9666666666666667,0.9333333333333333,0.8666666666666667,1.0,0.9466666666666667,0.04521553322083511,148
287,0.0005983829498291016,0.0004885776326209085,0.0003989696502685547,0.000488636038823848,log_loss,5,2,4,0.9666666666666667,0.9666666666666667,0.9333333333333333,0.8666666666666667,1.0,0.9466666666666667,0.04521553322083511,148
288,0.0,0.0,0.000997304916381836,1.5078914929239175e-07,log_loss,5,2,5,0.9666666666666667,0.9666666666666667,0.9333333333333333,0.8666666666666667,1.0,0.9466666666666667,0.04521553322083511,148
289,0.0,0.0,0.0003989219665527344,0.0004885776326209085,log_loss,5,2,6,0.9666666666666667,0.9666666666666667,0.9333333333333333,0.8666666666666667,1.0,0.9466666666666667,0.04521553322083511,148
290,0.0003989219665527344,0.0004885776326209085,0.0,0.0,log_loss,5,3,2,0.9666666666666667,0.9666666666666667,0.9333333333333333,0.8666666666666667,1.0,0.9466666666666667,0.04521553322083511,148
291,0.0009974002838134765,2.4314019744838644e-07,0.0,0.0,log_loss,5,3,3,0.9666666666666667,0.9666666666666667,0.9333333333333333,0.8666666666666667,1.0,0.9466666666666667,0.04521553322083511,148
292,0.0009972572326660157,1.784161275279017e-07,0.0,0.0,log_loss,5,3,4,0.9666666666666667,0.9666666666666667,0.9333333333333333,0.8666666666666667,1.0,0.9466666666666667,0.04521553322083511,148
293,0.0,0.0,0.0009973526000976562,1.784161275279017e-07,log_loss,5,3,5,0.9666666666666667,0.9666666666666667,0.9333333333333333,0.8666666666666667,1.0,0.9466666666666667,0.04521553322083511,148
294,0.0,0.0,0.0005983829498291016,0.0004885776326209085,log_loss,5,3,6,0.9666666666666667,0.9666666666666667,0.9333333333333333,0.8666666666666667,1.0,0.9466666666666667,0.04521553322083511,148
295,0.0001994609832763672,0.0003989219665527344,0.0,0.0,log_loss,5,4,2,0.9666666666666667,0.9666666666666667,0.9333333333333333,0.8666666666666667,1.0,0.9466666666666667,0.04521553322083511,148
296,0.0009973526000976562,2.78041453115716e-07,0.0,0.0,log_loss,5,4,3,0.9666666666666667,0.9666666666666667,0.9333333333333333,0.8666666666666667,1.0,0.9466666666666667,0.04521553322083511,148
297,0.0007978439331054688,0.00039892199505124864,0.0001994609832763672,0.0003989219665527344,log_loss,5,4,4,0.9666666666666667,0.9666666666666667,0.9333333333333333,0.8666666666666667,1.0,0.9466666666666667,0.04521553322083511,148
298,0.0,0.0,0.000997304916381836,1.5078914929239175e-07,log_loss,5,4,5,0.9666666666666667,0.9666666666666667,0.9333333333333333,0.8666666666666667,1.0,0.9466666666666667,0.04521553322083511,148
299,0.0,0.0,0.0003989696502685547,0.0004886360388238481,log_loss,5,4,6,0.9666666666666667,0.9666666666666667,0.9333333333333333,0.8666666666666667,1.0,0.9466666666666667,0.04521553322083511,148
300,0.0003012180328369141,0.0003927475730333955,0.0005983829498291016,0.0004885776558898482,log_loss,6,1,2,0.9666666666666667,0.9666666666666667,0.9,0.9666666666666667,1.0,0.9600000000000002,0.03265986323710903,23
301,0.0,0.0,0.000997304916381836,2.611744678045111e-07,log_loss,6,1,3,0.9666666666666667,0.9666666666666667,0.9,0.9333333333333333,1.0,0.9533333333333334,0.03399346342395189,99
302,0.0,0.0,0.0003989696502685547,0.0004886360388238481,log_loss,6,1,4,0.9666666666666667,0.9666666666666667,0.9,0.9333333333333333,1.0,0.9533333333333334,0.03399346342395189,99
303,0.0003989696502685547,0.000488636038823848,0.0,0.0,log_loss,6,1,5,0.9666666666666667,0.9666666666666667,0.9333333333333333,0.9333333333333333,1.0,0.96,0.024944382578492935,28
304,0.0009972572326660157,4.1019083342755444e-07,0.0,0.0,log_loss,6,1,6,0.9666666666666667,0.9666666666666667,0.9333333333333333,0.9333333333333333,1.0,0.96,0.024944382578492935,28
305,0.0009974002838134765,1.1680077279964342e-07,0.0,0.0,log_loss,6,2,2,0.9666666666666667,0.9666666666666667,0.9333333333333333,0.8666666666666667,1.0,0.9466666666666667,0.04521553322083511,148
306,0.0001994609832763672,0.00039892196655273444,0.0007978439331054688,0.00039892205204827114,log_loss,6,2,3,0.9666666666666667,0.9666666666666667,0.9333333333333333,0.8666666666666667,1.0,0.9466666666666667,0.04521553322083511,148
307,0.0,0.0,0.000998067855834961,1.4177387950247293e-06,log_loss,6,2,4,0.9666666666666667,0.9666666666666667,0.9333333333333333,0.8666666666666667,1.0,0.9466666666666667,0.04521553322083511,148
308,0.0,0.0,0.0007971763610839844,0.0003985907047646789,log_loss,6,2,5,0.9666666666666667,0.9666666666666667,0.9333333333333333,0.8666666666666667,1.0,0.9466666666666667,0.04521553322083511,148
309,0.0,0.0,0.0,0.0,log_loss,6,2,6,0.9666666666666667,0.9666666666666667,0.9333333333333333,0.8666666666666667,1.0,0.9466666666666667,0.04521553322083511,148
310,0.0009973526000976562,2.3360154559928684e-07,0.0,0.0,log_loss,6,3,2,0.9666666666666667,0.9666666666666667,0.9333333333333333,0.8666666666666667,1.0,0.9466666666666667,0.04521553322083511,148
311,0.000997304916381836,1.5078914929239175e-07,0.0,0.0,log_loss,6,3,3,0.9666666666666667,0.9666666666666667,0.9333333333333333,0.8666666666666667,1.0,0.9466666666666667,0.04521553322083511,148
312,0.0005984306335449219,0.000488616573967537,0.0003989219665527344,0.0004885776326209085,log_loss,6,3,4,0.9666666666666667,0.9666666666666667,0.9333333333333333,0.8666666666666667,1.0,0.9466666666666667,0.04521553322083511,148
313,0.0,0.0,0.000997304916381836,1.5078914929239175e-07,log_loss,6,3,5,0.9666666666666667,0.9666666666666667,0.9333333333333333,0.8666666666666667,1.0,0.9466666666666667,0.04521553322083511,148
314,0.0,0.0,0.0005984306335449219,0.000488616573967537,log_loss,6,3,6,0.9666666666666667,0.9666666666666667,0.9333333333333333,0.8666666666666667,1.0,0.9466666666666667,0.04521553322083511,148
315,0.0001994609832763672,0.0003989219665527344,0.0,0.0,log_loss,6,4,2,0.9666666666666667,0.9666666666666667,0.9333333333333333,0.8666666666666667,1.0,0.9466666666666667,0.04521553322083511,148
316,0.0009973526000976562,9.536743164062499e-08,0.0,0.0,log_loss,6,4,3,0.9666666666666667,0.9666666666666667,0.9333333333333333,0.8666666666666667,1.0,0.9466666666666667,0.04521553322083511,148
317,0.0009972572326660157,1.784161275279017e-07,0.0,0.0,log_loss,6,4,4,0.9666666666666667,0.9666666666666667,0.9333333333333333,0.8666666666666667,1.0,0.9466666666666667,0.04521553322083511,148
318,0.0,0.0,0.000997161865234375,4.156969970265077e-07,log_loss,6,4,5,0.9666666666666667,0.9666666666666667,0.9333333333333333,0.8666666666666667,1.0,0.9466666666666667,0.04521553322083511,148
319,0.0,0.0,0.0005983829498291016,0.0004885777256966609,log_loss,6,4,6,0.9666666666666667,0.9666666666666667,0.9333333333333333,0.8666666666666667,1.0,0.9466666666666667,0.04521553322083511,148
320,0.0005987167358398437,0.000488850315045215,0.00010199546813964844,0.00020399093627929688,log_loss,7,1,2,0.9666666666666667,0.9666666666666667,0.9,0.9333333333333333,1.0,0.9533333333333334,0.03399346342395189,99
321,0.0,0.0,0.0005978107452392578,0.00048811387661699853,log_loss,7,1,3,0.9666666666666667,0.9666666666666667,0.9,0.9333333333333333,1.0,0.9533333333333334,0.03399346342395189,99
322,0.0,0.0,0.0,0.0,log_loss,7,1,4,0.9666666666666667,0.9666666666666667,0.9,0.9333333333333333,1.0,0.9533333333333334,0.03399346342395189,99
323,0.000598287582397461,0.0004884997731965918,0.0,0.0,log_loss,7,1,5,0.9666666666666667,0.9666666666666667,0.9333333333333333,0.9333333333333333,1.0,0.96,0.024944382578492935,28
324,0.0009973526000976562,1.784161275279017e-07,0.0,0.0,log_loss,7,1,6,0.9666666666666667,0.9666666666666667,0.9333333333333333,0.9333333333333333,1.0,0.96,0.024944382578492935,28
325,0.0009973526000976562,1.784161275279017e-07,0.0,0.0,log_loss,7,2,2,0.9666666666666667,0.9666666666666667,0.9,0.8666666666666667,1.0,0.9400000000000001,0.04898979485566354,349
326,0.0001995086669921875,0.000399017333984375,0.0007978439331054688,0.0003989219950512487,log_loss,7,2,3,0.9666666666666667,0.9666666666666667,0.9333333333333333,0.8666666666666667,1.0,0.9466666666666667,0.04521553322083511,148
327,0.0,0.0,0.000997304916381836,1.5078914929239175e-07,log_loss,7,2,4,0.9666666666666667,0.9666666666666667,0.9333333333333333,0.8666666666666667,1.0,0.9466666666666667,0.04521553322083511,148
328,0.0,0.0,0.00039887428283691406,0.0004885192380524391,log_loss,7,2,5,0.9666666666666667,0.9666666666666667,0.9333333333333333,0.8666666666666667,1.0,0.9466666666666667,0.04521553322083511,148
329,0.0003989219665527344,0.0004885776326209085,0.0,0.0,log_loss,7,2,6,0.9666666666666667,0.9666666666666667,0.9333333333333333,0.8666666666666667,1.0,0.9466666666666667,0.04521553322083511,148
330,0.000997447967529297,3.568322550558034e-07,0.0,0.0,log_loss,7,3,2,0.9666666666666667,0.9666666666666667,0.9333333333333333,0.8666666666666667,1.0,0.9466666666666667,0.04521553322083511,148
331,0.0007978439331054688,0.0003989222800362796,0.0001995563507080078,0.0003991127014160156,log_loss,7,3,3,0.9666666666666667,0.9666666666666667,0.9333333333333333,0.8666666666666667,1.0,0.9466666666666667,0.04521553322083511,148
332,0.0001994609832763672,0.00039892196655273444,0.000797891616821289,0.00039894584759375934,log_loss,7,3,4,0.9666666666666667,0.9666666666666667,0.9333333333333333,0.8666666666666667,1.0,0.9466666666666667,0.04521553322083511,148
333,0.0,0.0,0.000997304916381836,1.5078914929239175e-07,log_loss,7,3,5,0.9666666666666667,0.9666666666666667,0.9333333333333333,0.8666666666666667,1.0,0.9466666666666667,0.04521553322083511,148
334,0.0,0.0,0.0,0.0,log_loss,7,3,6,0.9666666666666667,0.9666666666666667,0.9333333333333333,0.8666666666666667,1.0,0.9466666666666667,0.04521553322083511,148
335,0.0001994609832763672,0.0003989219665527344,0.0,0.0,log_loss,7,4,2,0.9666666666666667,0.9666666666666667,0.9333333333333333,0.8666666666666667,1.0,0.9466666666666667,0.04521553322083511,148
336,0.000997304916381836,1.5078914929239175e-07,0.0,0.0,log_loss,7,4,3,0.9666666666666667,0.9666666666666667,0.9333333333333333,0.8666666666666667,1.0,0.9466666666666667,0.04521553322083511,148
337,0.0009973526000976562,2.3360154559928684e-07,0.0,0.0,log_loss,7,4,4,0.9666666666666667,0.9666666666666667,0.9333333333333333,0.8666666666666667,1.0,0.9466666666666667,0.04521553322083511,148
338,0.00019941329956054687,0.0003988265991210938,0.000797891616821289,0.00039894581909694896,log_loss,7,4,5,0.9666666666666667,0.9666666666666667,0.9333333333333333,0.8666666666666667,1.0,0.9466666666666667,0.04521553322083511,148
339,0.0,0.0,0.000797891616821289,0.00039894581909694896,log_loss,7,4,6,0.9666666666666667,0.9666666666666667,0.9333333333333333,0.8666666666666667,1.0,0.9466666666666667,0.04521553322083511,148
340,0.0,0.0,0.0,0.0,log_loss,8,1,2,0.9666666666666667,0.9666666666666667,0.9,0.9333333333333333,1.0,0.9533333333333334,0.03399346342395189,99
341,0.0007988452911376953,0.00040005988523835807,0.0,0.0,log_loss,8,1,3,0.9666666666666667,0.9666666666666667,0.9,0.9333333333333333,1.0,0.9533333333333334,0.03399346342395189,99
342,0.0009972095489501954,3.2340669551493016e-07,0.0,0.0,log_loss,8,1,4,0.9666666666666667,0.9666666666666667,0.9,0.9333333333333333,1.0,0.9533333333333334,0.03399346342395189,99
343,0.0009973526000976562,9.536743164062499e-08,0.0,0.0,log_loss,8,1,5,0.9666666666666667,0.9666666666666667,0.9333333333333333,0.9333333333333333,1.0,0.96,0.024944382578492935,28
344,0.0007978439331054688,0.00039892202354976095,0.0001994609832763672,0.00039892196655273444,log_loss,8,1,6,0.9666666666666667,0.9666666666666667,0.9333333333333333,0.9333333333333333,1.0,0.96,0.024944382578492935,28
345,0.0,0.0,0.0009974002838134765,1.1680077279964342e-07,log_loss,8,2,2,0.9666666666666667,0.9666666666666667,0.9,0.8666666666666667,1.0,0.9400000000000001,0.04898979485566354,349
346,0.0,0.0,0.000997304916381836,1.5078914929239175e-07,log_loss,8,2,3,0.9666666666666667,0.9666666666666667,0.9,0.8666666666666667,1.0,0.9400000000000001,0.04898979485566354,349
347,0.0,0.0,0.0,0.0,log_loss,8,2,4,0.9666666666666667,0.9666666666666667,0.9333333333333333,0.8666666666666667,1.0,0.9466666666666667,0.04521553322083511,148
348,0.00039887428283691406,0.0004885192380524391,0.0,0.0,log_loss,8,2,5,0.9666666666666667,0.9666666666666667,0.9333333333333333,0.8666666666666667,1.0,0.9466666666666667,0.04521553322083511,148
349,0.000997447967529297,1.9073486328125e-07,0.0,0.0,log_loss,8,2,6,0.9666666666666667,0.9666666666666667,0.9333333333333333,0.8666666666666667,1.0,0.9466666666666667,0.04521553322083511,148
350,0.0007977962493896484,0.0003988982208830506,0.00019941329956054687,0.00039882659912109374,log_loss,8,3,2,0.9666666666666667,0.9666666666666667,0.9333333333333333,0.8666666666666667,1.0,0.9466666666666667,0.04521553322083511,148
351,0.0,0.0,0.000997304916381836,1.5078914929239175e-07,log_loss,8,3,3,0.9666666666666667,0.9666666666666667,0.9333333333333333,0.8666666666666667,1.0,0.9466666666666667,0.04521553322083511,148
352,0.0,0.0,0.0005984306335449219,0.0004886166670358715,log_loss,8,3,4,0.9666666666666667,0.9666666666666667,0.9333333333333333,0.8666666666666667,1.0,0.9466666666666667,0.04521553322083511,148
353,0.0001995086669921875,0.000399017333984375,0.0,0.0,log_loss,8,3,5,0.9666666666666667,0.9666666666666667,0.9333333333333333,0.8666666666666667,1.0,0.9466666666666667,0.04521553322083511,148
354,0.0009972572326660157,4.101908334275545e-07,0.0,0.0,log_loss,8,3,6,0.9666666666666667,0.9666666666666667,0.9333333333333333,0.8666666666666667,1.0,0.9466666666666667,0.04521553322083511,148
355,0.0009973526000976562,2.78041453115716e-07,0.0,0.0,log_loss,8,4,2,0.9666666666666667,0.9666666666666667,0.9333333333333333,0.8666666666666667,1.0,0.9466666666666667,0.04521553322083511,148
356,0.0001994609832763672,0.00039892196655273444,0.0007978439331054688,0.0003989219950512487,log_loss,8,4,3,0.9666666666666667,0.9666666666666667,0.9333333333333333,0.8666666666666667,1.0,0.9466666666666667,0.04521553322083511,148
357,0.0,0.0,0.000797891616821289,0.00039894584759375934,log_loss,8,4,4,0.9666666666666667,0.9666666666666667,0.9333333333333333,0.8666666666666667,1.0,0.9466666666666667,0.04521553322083511,148
358,0.0,0.0,0.0,0.0,log_loss,8,4,5,0.9666666666666667,0.9666666666666667,0.9333333333333333,0.8666666666666667,1.0,0.9466666666666667,0.04521553322083511,148
359,0.0007978439331054688,0.0003989219950512487,0.0,0.0,log_loss,8,4,6,0.9666666666666667,0.9666666666666667,0.9333333333333333,0.8666666666666667,1.0,0.9466666666666667,0.04521553322083511,148
